aet,def,pdsi,pet,pr,ro,soil,srad,swe,tmmn,tmmx,vap,vpd,vs,LAT,LON,plot_ID,system:index
466.77777777777777,0.08892921960072596,100.84615384615384,506.0,66.5,4.506756756756757,1153.0,1449.6666666666667,0.004878048780487805,-3.8333333333333335,114.25,619.6666666666666,34.5,348.625,46.32438,-90.512,1,0
491.42857142857144,0.12267657992565056,131.53846153846155,528.9166666666667,60.0,3.0,987.0,1474.357142857143,0.02127659574468085,-6.0,124.6,667.0,35.0,362.09090909090907,45.5531,-88.8546,2,1
466.77777777777777,0.08892921960072596,100.84615384615384,506.0,66.5,4.506756756756757,1153.0,1449.6666666666667,0.004878048780487805,-3.8333333333333335,114.25,619.6666666666666,34.5,348.625,46.42763,-90.465,3,2
531.3666666666667,0.15145985401459855,119.22916666666666,588.0,60.0,4.448,1255.452380952381,1513.0714285714287,0.0,2.4,136.25,647.25,42.0,314.3333333333333,45.59293,-91.3031,4,3
491.42857142857144,0.12267657992565056,131.53846153846155,528.9166666666667,60.0,3.0,987.0,1474.357142857143,0.02127659574468085,-6.0,124.6,667.0,35.0,362.09090909090907,45.16661,-88.8777,5,4
491.42857142857144,0.12267657992565056,131.53846153846155,528.9166666666667,60.0,3.0,987.0,1474.357142857143,0.02127659574468085,-6.0,124.6,667.0,35.0,362.09090909090907,45.16661,-88.8777,6,5
491.42857142857144,0.12267657992565056,131.53846153846155,528.9166666666667,60.0,3.0,987.0,1474.357142857143,0.02127659574468085,-6.0,124.6,667.0,35.0,362.09090909090907,45.84459,-88.2386,7,6
491.42857142857144,0.12267657992565056,131.53846153846155,528.9166666666667,60.0,3.0,987.0,1474.357142857143,0.02127659574468085,-6.0,124.6,667.0,35.0,362.09090909090907,45.01185,-88.911,8,7
491.42857142857144,0.12267657992565056,131.53846153846155,528.9166666666667,60.0,3.0,987.0,1474.357142857143,0.02127659574468085,-6.0,124.6,667.0,35.0,362.09090909090907,45.41548,-88.3949,9,8
491.42857142857144,0.12267657992565056,131.53846153846155,528.9166666666667,60.0,3.0,987.0,1474.357142857143,0.02127659574468085,-6.0,124.6,667.0,35.0,362.09090909090907,45.55642,-88.5529,10,9
456.75,0.035842293906810034,106.8,500.6666666666667,63.0,4.468085106382978,1022.5,1465.3636363636363,0.0,-3.6666666666666665,120.6,649.0833333333333,34.0,322.6,45.09259,-89.087,11,10
464.1904761904762,0.0627177700348432,83.45454545454545,491.0,68.5,4.416107382550336,1227.1304347826087,1429.3333333333333,0.0,-9.6,114.28571428571429,618.6,33.0,364.2631578947368,46.1985,-89.8741,12,11
594.25,0.16597510373443983,98.15384615384616,721.4,69.61965811965811,4.460122699386503,645.2857142857143,1589.8333333333333,0.02127659574468085,38.7,156.66666666666666,824.2727272727273,46.0,418.57142857142856,42.95704,-88.1312,13,12
465.3333333333333,0.04744525547445255,106.88888888888889,496.08333333333337,62.5,3.55297648211661,1181.5714285714287,1430.5714285714287,0.00980392156862745,-13.333333333333334,112.71428571428571,629.0,32.0,416.42857142857144,46.04252,-88.9472,14,13
456.75,0.035842293906810034,106.8,500.6666666666667,63.0,4.468085106382978,1022.5,1465.3636363636363,0.0,-3.6666666666666665,120.6,649.0833333333333,34.0,322.6,45.55476,-89.1037,15,14
491.42857142857144,0.12267657992565056,131.53846153846155,528.9166666666667,60.0,3.0,987.0,1474.357142857143,0.02127659574468085,-6.0,124.6,667.0,35.0,362.09090909090907,45.89528,-88.6706,16,15
483.25,0.03697183098591549,116.9,516.0,62.0,4.492647058823529,1066.142857142857,1475.2,0.0,-1.5,122.57142857142857,642.0,35.0,320.53333333333336,45.19423,-90.6705,17,16
483.25,0.03697183098591549,116.9,516.0,62.0,4.492647058823529,1066.142857142857,1475.2,0.0,-1.5,122.57142857142857,642.0,35.0,320.53333333333336,45.48967,-90.5473,18,17
483.25,0.03697183098591549,116.9,516.0,62.0,4.492647058823529,1066.142857142857,1475.2,0.0,-1.5,122.57142857142857,642.0,35.0,320.53333333333336,45.88352,-90.582,19,18
466.77777777777777,0.08892921960072596,100.84615384615384,506.0,66.5,4.506756756756757,1153.0,1449.6666666666667,0.004878048780487805,-3.8333333333333335,114.25,619.6666666666666,34.5,348.625,46.19903,-90.4756,20,19
531.3666666666667,0.15145985401459855,119.22916666666666,588.0,60.0,4.448,1255.452380952381,1513.0714285714287,0.0,2.4,136.25,647.25,42.0,314.3333333333333,45.50745,-91.7813,21,20
491.42857142857144,0.12267657992565056,131.53846153846155,528.9166666666667,60.0,3.0,987.0,1474.357142857143,0.02127659574468085,-6.0,124.6,667.0,35.0,362.09090909090907,45.34248,-88.6856,22,21
491.42857142857144,0.12267657992565056,131.53846153846155,528.9166666666667,60.0,3.0,987.0,1474.357142857143,0.02127659574468085,-6.0,124.6,667.0,35.0,362.09090909090907,45.17299,-88.9442,23,22
458.0,0.09846827133479212,123.42857142857143,627.0,44.0,2.0,522.8181818181819,1543.8,0.0,6.555555555555555,128.28571428571428,642.6666666666666,40.0,424.4375,46.6213,-95.9922,24,23
458.0,0.09846827133479212,123.42857142857143,627.0,44.0,2.0,522.8181818181819,1543.8,0.0,6.555555555555555,128.28571428571428,642.6666666666666,40.0,424.4375,46.65308,-95.8196,25,24
380.0,0.1101511879049676,151.35714285714286,517.8333333333333,34.0,2.0,447.85,1477.8,0.0,-13.555555555555555,115.16666666666666,608.5,34.0,396.3333333333333,48.0293,-95.2176,26,25
400.3666666666667,0.05458089668615984,140.44444444444446,486.625,45.0,2.0,889.8421052631579,1483.1,0.0,-9.5,115.5,603.2,34.0,322.5833333333333,47.66961,-94.5788,27,26
484.3333333333333,0.13279678068410464,106.0,570.25,49.5,3.0,947.25,1529.0,0.0,3.625,132.6,630.9444444444445,41.0,324.53846153846155,46.69471,-94.1921,28,27
476.8,0.16346153846153846,91.0,552.0,51.0,3.0,1186.375,1514.8333333333333,0.0,-0.33333333333333337,127.70833333333334,627.6666666666666,40.0,300.3333333333333,46.72953,-93.8126,29,28
524.0,0.1532258064516129,91.42857142857143,605.75,54.0,3.0,875.6666666666666,1559.25,0.0,10.333333333333334,140.71428571428572,661.375,45.0,312.53846153846155,45.98866,-93.1798,30,29
476.8,0.16346153846153846,91.0,552.0,51.0,3.0,1186.375,1514.8333333333333,0.0,-0.33333333333333337,127.70833333333334,627.6666666666666,40.0,300.3333333333333,46.39871,-93.932,31,30
539.75,0.11255411255411256,122.66666666666667,703.0,53.5,3.0,504.85714285714283,1597.0,0.0,22.555555555555557,149.4857142857143,728.1428571428571,47.0,401.4318181818182,44.23417,-93.9607,32,31
400.3666666666667,0.05458089668615984,140.44444444444446,486.625,45.0,2.0,889.8421052631579,1483.1,0.0,-9.5,115.5,603.2,34.0,322.5833333333333,47.81385,-94.8772,33,32
380.5,0.16984732824427481,133.0,458.6,42.0,3.0,671.8333333333333,1463.9,0.0,-11.25,111.0,598.4285714285714,31.5,330.0,48.05894,-94.8374,34,33
400.3666666666667,0.05458089668615984,140.44444444444446,486.625,45.0,2.0,889.8421052631579,1483.1,0.0,-9.5,115.5,603.2,34.0,322.5833333333333,47.84984,-94.192,35,34
563.5,0.13654618473895583,140.07692307692307,678.375,59.0,4.0,816.0,1592.0,0.0,20.8,150.66666666666666,727.5,47.0,350.6,44.27752,-92.2166,36,35
563.5,0.13654618473895583,140.07692307692307,678.375,59.0,4.0,816.0,1592.0,0.0,20.8,150.66666666666666,727.5,47.0,350.6,44.10031,-92.6449,37,36
539.75,0.11255411255411256,122.66666666666667,703.0,53.5,3.0,504.85714285714283,1597.0,0.0,22.555555555555557,149.4857142857143,728.1428571428571,47.0,401.4318181818182,44.31518,-93.5789,38,37
367.32142857142856,0.032423208191126277,91.1,402.0,54.0,2.5384615384615383,706.0,1434.4117647058824,0.024630541871921183,-12.5,96.66666666666667,554.6666666666666,31.0,301.66013071895424,47.12356,-91.6448,39,38
500.0,0.12025316455696203,107.0,632.5,51.0,3.0,618.1428571428571,1559.0,0.0,13.6875,140.2,662.3636363636364,45.0,346.46666666666664,45.68598,-94.1591,40,39
400.3666666666667,0.05458089668615984,140.44444444444446,486.625,45.0,2.0,889.8421052631579,1483.1,0.0,-9.5,115.5,603.2,34.0,322.5833333333333,47.04644,-94.8741,41,40
458.0,0.09846827133479212,123.42857142857143,627.0,44.0,2.0,522.8181818181819,1543.8,0.0,6.555555555555555,128.28571428571428,642.6666666666666,40.0,424.4375,46.00065,-95.3409,42,41
484.3333333333333,0.13279678068410464,106.0,570.25,49.5,3.0,947.25,1529.0,0.0,3.625,132.6,630.9444444444445,41.0,324.53846153846155,46.25743,-94.934,43,42
380.5,0.16984732824427481,133.0,458.6,42.0,3.0,671.8333333333333,1463.9,0.0,-11.25,111.0,598.4285714285714,31.5,330.0,48.04313,-94.8902,44,43
435.0,20.5,138.26666666666668,675.0,41.0,2.0,322.5,1568.4107142857142,0.0,13.0,136.0,662.8888888888889,44.0,434.40909090909093,45.89346,-95.5464,45,44
422.0,0.18201284796573874,142.7111111111111,566.1666666666666,37.5,2.0,534.0,1494.1666666666667,0.0,-9.428571428571429,120.66666666666667,607.702380952381,38.0,406.46666666666664,47.84659,-95.1457,46,45
422.0,0.18201284796573874,142.7111111111111,566.1666666666666,37.5,2.0,534.0,1494.1666666666667,0.0,-9.428571428571429,120.66666666666667,607.702380952381,38.0,406.46666666666664,47.8741,-95.1316,47,46
422.0,0.18201284796573874,142.7111111111111,566.1666666666666,37.5,2.0,534.0,1494.1666666666667,0.0,-9.428571428571429,120.66666666666667,607.702380952381,38.0,406.46666666666664,47.3002,-95.6599,48,47
482.8333333333333,0.16544117647058823,109.33333333333333,532.75,57.0,2.5277777777777777,1103.45,1496.888888888889,0.0234192037470726,-0.6000000000000001,126.25,630.4166666666667,39.5,308.6,46.9716,-92.7534,49,48
422.0,0.18201284796573874,142.7111111111111,566.1666666666666,37.5,2.0,534.0,1494.1666666666667,0.0,-9.428571428571429,120.66666666666667,607.702380952381,38.0,406.46666666666664,47.12877,-95.7381,50,49
465.3333333333333,0.04744525547445255,106.88888888888889,496.08333333333337,62.5,3.55297648211661,1181.5714285714287,1430.5714285714287,0.00980392156862745,-13.333333333333334,112.71428571428571,629.0,32.0,416.42857142857144,46.17342,-88.9907,51,50
464.1904761904762,0.0627177700348432,83.45454545454545,491.0,68.5,4.416107382550336,1227.1304347826087,1429.3333333333333,0.0,-9.6,114.28571428571429,618.6,33.0,364.2631578947368,46.70452,-89.4599,52,51
506.25,0.15030060120240482,90.0,547.6666666666666,60.0,4.388571428571429,986.2,1512.25,0.04017857142857143,14.375,120.5,687.3333333333333,37.0,360.64285714285717,45.02498,-84.4055,53,52
548.75,0.07014028056112225,98.83333333333333,608.6964285714286,66.52173913043478,4.396648044692737,954.25,1542.5,0.034482758620689655,16.571428571428573,134.83333333333334,717.4285714285714,40.0,366.75,44.55837,-85.7056,54,53
508.2,0.1311787072243346,131.3,555.5,62.0,4.477707006369426,989.5,1481.1818181818182,0.03917050691244239,6.0,124.375,687.5,34.0,403.5692307692308,45.77105,-87.4347,55,54
465.3333333333333,0.04744525547445255,106.88888888888889,496.08333333333337,62.5,3.55297648211661,1181.5714285714287,1430.5714285714287,0.00980392156862745,-13.333333333333334,112.71428571428571,629.0,32.0,416.42857142857144,46.05698,-88.5576,56,55
464.1904761904762,0.0627177700348432,83.45454545454545,491.0,68.5,4.416107382550336,1227.1304347826087,1429.3333333333333,0.0,-9.6,114.28571428571429,618.6,33.0,364.2631578947368,46.61011,-89.6356,57,56
464.1904761904762,0.0627177700348432,83.45454545454545,491.0,68.5,4.416107382550336,1227.1304347826087,1429.3333333333333,0.0,-9.6,114.28571428571429,618.6,33.0,364.2631578947368,46.83415,-89.351,58,57
465.3333333333333,0.04744525547445255,106.88888888888889,496.08333333333337,62.5,3.55297648211661,1181.5714285714287,1430.5714285714287,0.00980392156862745,-13.333333333333334,112.71428571428571,629.0,32.0,416.42857142857144,46.01222,-88.0702,59,58
391.5,0.14187643020594964,132.57142857142858,602.25,34.5,2.0,241.63636363636363,1507.125,0.0,-3.7142857142857144,123.41666666666666,618.7142857142857,40.0,434.25,47.87177,-96.3582,60,59
422.0,0.18201284796573874,142.7111111111111,566.1666666666666,37.5,2.0,534.0,1494.1666666666667,0.0,-9.428571428571429,120.66666666666667,607.702380952381,38.0,406.46666666666664,47.48196,-95.5615,61,60
422.0,0.18201284796573874,142.7111111111111,566.1666666666666,37.5,2.0,534.0,1494.1666666666667,0.0,-9.428571428571429,120.66666666666667,607.702380952381,38.0,406.46666666666664,47.43545,-95.2607,62,61
476.8,0.16346153846153846,91.0,552.0,51.0,3.0,1186.375,1514.8333333333333,0.0,-0.33333333333333337,127.70833333333334,627.6666666666666,40.0,300.3333333333333,46.99641,-93.7739,63,62
476.8,0.16346153846153846,91.0,552.0,51.0,3.0,1186.375,1514.8333333333333,0.0,-0.33333333333333337,127.70833333333334,627.6666666666666,40.0,300.3333333333333,46.38704,-93.4372,64,63
422.0,0.18201284796573874,142.7111111111111,566.1666666666666,37.5,2.0,534.0,1494.1666666666667,0.0,-9.428571428571429,120.66666666666667,607.702380952381,38.0,406.46666666666664,47.32778,-95.6645,65,64
458.0,0.09846827133479212,123.42857142857143,627.0,44.0,2.0,522.8181818181819,1543.8,0.0,6.555555555555555,128.28571428571428,642.6666666666666,40.0,424.4375,46.95443,-95.5911,66,65
458.0,0.09846827133479212,123.42857142857143,627.0,44.0,2.0,522.8181818181819,1543.8,0.0,6.555555555555555,128.28571428571428,642.6666666666666,40.0,424.4375,46.3117,-95.6125,67,66
458.0,0.09846827133479212,123.42857142857143,627.0,44.0,2.0,522.8181818181819,1543.8,0.0,6.555555555555555,128.28571428571428,642.6666666666666,40.0,424.4375,46.35892,-95.2288,68,67
435.0,20.5,138.26666666666668,675.0,41.0,2.0,322.5,1568.4107142857142,0.0,13.0,136.0,662.8888888888889,44.0,434.40909090909093,45.40524,-95.1688,69,68
482.8333333333333,0.16544117647058823,109.33333333333333,532.75,57.0,2.5277777777777777,1103.45,1496.888888888889,0.0234192037470726,-0.6000000000000001,126.25,630.4166666666667,39.5,308.6,46.65476,-92.9841,70,69
482.8333333333333,0.16544117647058823,109.33333333333333,532.75,57.0,2.5277777777777777,1103.45,1496.888888888889,0.0234192037470726,-0.6000000000000001,126.25,630.4166666666667,39.5,308.6,46.38353,-92.9598,71,70
391.5,0.14187643020594964,132.57142857142858,602.25,34.5,2.0,241.63636363636363,1507.125,0.0,-3.7142857142857144,123.41666666666666,618.7142857142857,40.0,434.25,47.61278,-96.0791,72,71
422.0,0.18201284796573874,142.7111111111111,566.1666666666666,37.5,2.0,534.0,1494.1666666666667,0.0,-9.428571428571429,120.66666666666667,607.702380952381,38.0,406.46666666666664,47.09124,-95.6955,73,72
400.3666666666667,0.05458089668615984,140.44444444444446,486.625,45.0,2.0,889.8421052631579,1483.1,0.0,-9.5,115.5,603.2,34.0,322.5833333333333,47.619,-94.9918,74,73
484.3333333333333,0.13279678068410464,106.0,570.25,49.5,3.0,947.25,1529.0,0.0,3.625,132.6,630.9444444444445,41.0,324.53846153846155,46.76209,-94.1994,75,74
410.0,0.045112781954887216,103.56349206349206,481.25,47.5,3.0,881.4166666666666,1461.7142857142858,0.0,-11.285714285714286,117.33333333333334,588.2,36.0,298.57894736842104,47.17793,-93.714,76,75
410.0,0.045112781954887216,103.56349206349206,481.25,47.5,3.0,881.4166666666666,1461.7142857142858,0.0,-11.285714285714286,117.33333333333334,588.2,36.0,298.57894736842104,47.17793,-93.714,77,76
410.0,0.045112781954887216,103.56349206349206,481.25,47.5,3.0,881.4166666666666,1461.7142857142858,0.0,-11.285714285714286,117.33333333333334,588.2,36.0,298.57894736842104,47.13752,-93.1889,78,77
476.8,0.16346153846153846,91.0,552.0,51.0,3.0,1186.375,1514.8333333333333,0.0,-0.33333333333333337,127.70833333333334,627.6666666666666,40.0,300.3333333333333,46.44064,-93.2377,79,78
476.8,0.16346153846153846,91.0,552.0,51.0,3.0,1186.375,1514.8333333333333,0.0,-0.33333333333333337,127.70833333333334,627.6666666666666,40.0,300.3333333333333,46.83582,-93.1432,80,79
482.8333333333333,0.16544117647058823,109.33333333333333,532.75,57.0,2.5277777777777777,1103.45,1496.888888888889,0.0234192037470726,-0.6000000000000001,126.25,630.4166666666667,39.5,308.6,46.55904,-92.6956,81,80
482.8333333333333,0.16544117647058823,109.33333333333333,532.75,57.0,2.5277777777777777,1103.45,1496.888888888889,0.0234192037470726,-0.6000000000000001,126.25,630.4166666666667,39.5,308.6,46.73099,-92.6294,82,81
458.0,0.09846827133479212,123.42857142857143,627.0,44.0,2.0,522.8181818181819,1543.8,0.0,6.555555555555555,128.28571428571428,642.6666666666666,40.0,424.4375,46.53617,-95.9237,83,82
458.0,0.09846827133479212,123.42857142857143,627.0,44.0,2.0,522.8181818181819,1543.8,0.0,6.555555555555555,128.28571428571428,642.6666666666666,40.0,424.4375,46.53617,-95.9237,84,83
422.0,0.18201284796573874,142.7111111111111,566.1666666666666,37.5,2.0,534.0,1494.1666666666667,0.0,-9.428571428571429,120.66666666666667,607.702380952381,38.0,406.46666666666664,47.08965,-95.7882,85,84
458.0,0.09846827133479212,123.42857142857143,627.0,44.0,2.0,522.8181818181819,1543.8,0.0,6.555555555555555,128.28571428571428,642.6666666666666,40.0,424.4375,46.30043,-95.8364,86,85
422.0,0.18201284796573874,142.7111111111111,566.1666666666666,37.5,2.0,534.0,1494.1666666666667,0.0,-9.428571428571429,120.66666666666667,607.702380952381,38.0,406.46666666666664,47.19021,-95.5841,87,86
422.0,0.18201284796573874,142.7111111111111,566.1666666666666,37.5,2.0,534.0,1494.1666666666667,0.0,-9.428571428571429,120.66666666666667,607.702380952381,38.0,406.46666666666664,47.74842,-95.3646,88,87
435.0,20.5,138.26666666666668,675.0,41.0,2.0,322.5,1568.4107142857142,0.0,13.0,136.0,662.8888888888889,44.0,434.40909090909093,45.86151,-95.6037,89,88
458.0,0.09846827133479212,123.42857142857143,627.0,44.0,2.0,522.8181818181819,1543.8,0.0,6.555555555555555,128.28571428571428,642.6666666666666,40.0,424.4375,46.01621,-95.3757,90,89
422.0,0.18201284796573874,142.7111111111111,566.1666666666666,37.5,2.0,534.0,1494.1666666666667,0.0,-9.428571428571429,120.66666666666667,607.702380952381,38.0,406.46666666666664,47.70848,-95.0522,91,90
400.3666666666667,0.05458089668615984,140.44444444444446,486.625,45.0,2.0,889.8421052631579,1483.1,0.0,-9.5,115.5,603.2,34.0,322.5833333333333,47.65778,-94.9203,92,91
484.3333333333333,0.13279678068410464,106.0,570.25,49.5,3.0,947.25,1529.0,0.0,3.625,132.6,630.9444444444445,41.0,324.53846153846155,46.1468,-94.9713,93,92
400.3666666666667,0.05458089668615984,140.44444444444446,486.625,45.0,2.0,889.8421052631579,1483.1,0.0,-9.5,115.5,603.2,34.0,322.5833333333333,47.28725,-94.4818,94,93
400.3666666666667,0.05458089668615984,140.44444444444446,486.625,45.0,2.0,889.8421052631579,1483.1,0.0,-9.5,115.5,603.2,34.0,322.5833333333333,47.0808,-94.1674,95,94
400.3666666666667,0.05458089668615984,140.44444444444446,486.625,45.0,2.0,889.8421052631579,1483.1,0.0,-9.5,115.5,603.2,34.0,322.5833333333333,47.45338,-94.0337,96,95
400.3666666666667,0.05458089668615984,140.44444444444446,486.625,45.0,2.0,889.8421052631579,1483.1,0.0,-9.5,115.5,603.2,34.0,322.5833333333333,47.63968,-94.0109,97,96
410.0,0.045112781954887216,103.56349206349206,481.25,47.5,3.0,881.4166666666666,1461.7142857142858,0.0,-11.285714285714286,117.33333333333334,588.2,36.0,298.57894736842104,47.71127,-93.9595,98,97
500.0,0.12025316455696203,107.0,632.5,51.0,3.0,618.1428571428571,1559.0,0.0,13.6875,140.2,662.3636363636364,45.0,346.46666666666664,45.55923,-94.4887,99,98
500.0,0.12025316455696203,107.0,632.5,51.0,3.0,618.1428571428571,1559.0,0.0,13.6875,140.2,662.3636363636364,45.0,346.46666666666664,45.63996,-94.2642,100,99
410.0,0.045112781954887216,103.56349206349206,481.25,47.5,3.0,881.4166666666666,1461.7142857142858,0.0,-11.285714285714286,117.33333333333334,588.2,36.0,298.57894736842104,47.17676,-93.962,101,100
410.0,0.045112781954887216,103.56349206349206,481.25,47.5,3.0,881.4166666666666,1461.7142857142858,0.0,-11.285714285714286,117.33333333333334,588.2,36.0,298.57894736842104,47.169,-93.7885,102,101
538.4,0.10810810810810811,139.27272727272728,722.6666666666666,51.0,3.0,464.625,1606.3333333333333,0.0,22.22222222222222,150.33333333333334,728.0,47.0,428.375,44.34632,-94.5268,103,102
500.0,0.12025316455696203,107.0,632.5,51.0,3.0,618.1428571428571,1559.0,0.0,13.6875,140.2,662.3636363636364,45.0,346.46666666666664,45.27705,-94.2497,104,103
410.0,0.045112781954887216,103.56349206349206,481.25,47.5,3.0,881.4166666666666,1461.7142857142858,0.0,-11.285714285714286,117.33333333333334,588.2,36.0,298.57894736842104,47.12636,-93.4404,105,104
538.4,0.10810810810810811,139.27272727272728,722.6666666666666,51.0,3.0,464.625,1606.3333333333333,0.0,22.22222222222222,150.33333333333334,728.0,47.0,428.375,44.28453,-94.0045,106,105
476.8,0.16346153846153846,91.0,552.0,51.0,3.0,1186.375,1514.8333333333333,0.0,-0.33333333333333337,127.70833333333334,627.6666666666666,40.0,300.3333333333333,46.19194,-93.4075,107,106
476.8,0.16346153846153846,91.0,552.0,51.0,3.0,1186.375,1514.8333333333333,0.0,-0.33333333333333337,127.70833333333334,627.6666666666666,40.0,300.3333333333333,46.43401,-93.329,108,107
476.8,0.16346153846153846,91.0,552.0,51.0,3.0,1186.375,1514.8333333333333,0.0,-0.33333333333333337,127.70833333333334,627.6666666666666,40.0,300.3333333333333,46.58344,-93.4425,109,108
476.8,0.16346153846153846,91.0,552.0,51.0,3.0,1186.375,1514.8333333333333,0.0,-0.33333333333333337,127.70833333333334,627.6666666666666,40.0,300.3333333333333,46.74267,-93.4021,110,109
539.75,0.11255411255411256,122.66666666666667,703.0,53.5,3.0,504.85714285714283,1597.0,0.0,22.555555555555557,149.4857142857143,728.1428571428571,47.0,401.4318181818182,44.18863,-93.7653,111,110
482.8333333333333,0.16544117647058823,109.33333333333333,532.75,57.0,2.5277777777777777,1103.45,1496.888888888889,0.0234192037470726,-0.6000000000000001,126.25,630.4166666666667,39.5,308.6,46.03813,-92.4238,112,111
482.8333333333333,0.16544117647058823,109.33333333333333,532.75,57.0,2.5277777777777777,1103.45,1496.888888888889,0.0234192037470726,-0.6000000000000001,126.25,630.4166666666667,39.5,308.6,46.28319,-92.3237,113,112
485.5,0.14647377938517178,115.18181818181819,529.75,59.0,2.5892857142857144,1223.3333333333335,1478.909090909091,0.023529411764705882,-1.6666666666666667,124.25,618.5,38.5,314.45454545454544,46.30722,-91.4119,114,113
483.25,0.03697183098591549,116.9,516.0,62.0,4.492647058823529,1066.142857142857,1475.2,0.0,-1.5,122.57142857142857,642.0,35.0,320.53333333333336,45.87768,-90.8988,115,114
483.25,0.03697183098591549,116.9,516.0,62.0,4.492647058823529,1066.142857142857,1475.2,0.0,-1.5,122.57142857142857,642.0,35.0,320.53333333333336,45.76144,-90.213,116,115
456.75,0.035842293906810034,106.8,500.6666666666667,63.0,4.468085106382978,1022.5,1465.3636363636363,0.0,-3.6666666666666665,120.6,649.0833333333333,34.0,322.6,45.24994,-89.4007,117,116
456.75,0.035842293906810034,106.8,500.6666666666667,63.0,4.468085106382978,1022.5,1465.3636363636363,0.0,-3.6666666666666665,120.6,649.0833333333333,34.0,322.6,45.03096,-89.1332,118,117
508.2,0.1311787072243346,131.3,555.5,62.0,4.477707006369426,989.5,1481.1818181818182,0.03917050691244239,6.0,124.375,687.5,34.0,403.5692307692308,45.53848,-87.8719,119,118
531.3666666666667,0.15145985401459855,119.22916666666666,588.0,60.0,4.448,1255.452380952381,1513.0714285714287,0.0,2.4,136.25,647.25,42.0,314.3333333333333,45.89485,-91.0928,120,119
485.5,0.14647377938517178,115.18181818181819,529.75,59.0,2.5892857142857144,1223.3333333333335,1478.909090909091,0.023529411764705882,-1.6666666666666667,124.25,618.5,38.5,314.45454545454544,46.27455,-91.1273,121,120
456.75,0.035842293906810034,106.8,500.6666666666667,63.0,4.468085106382978,1022.5,1465.3636363636363,0.0,-3.6666666666666665,120.6,649.0833333333333,34.0,322.6,45.03263,-89.2552,122,121
491.42857142857144,0.12267657992565056,131.53846153846155,528.9166666666667,60.0,3.0,987.0,1474.357142857143,0.02127659574468085,-6.0,124.6,667.0,35.0,362.09090909090907,45.998,-88.7465,123,122
491.42857142857144,0.12267657992565056,131.53846153846155,528.9166666666667,60.0,3.0,987.0,1474.357142857143,0.02127659574468085,-6.0,124.6,667.0,35.0,362.09090909090907,45.47026,-88.4491,124,123
466.77777777777777,0.08892921960072596,100.84615384615384,506.0,66.5,4.506756756756757,1153.0,1449.6666666666667,0.004878048780487805,-3.8333333333333335,114.25,619.6666666666666,34.5,348.625,46.36524,-90.6897,125,124
466.77777777777777,0.08892921960072596,100.84615384615384,506.0,66.5,4.506756756756757,1153.0,1449.6666666666667,0.004878048780487805,-3.8333333333333335,114.25,619.6666666666666,34.5,348.625,46.46961,-90.4899,126,125
491.42857142857144,0.12267657992565056,131.53846153846155,528.9166666666667,60.0,3.0,987.0,1474.357142857143,0.02127659574468085,-6.0,124.6,667.0,35.0,362.09090909090907,45.28751,-88.834,127,126
491.42857142857144,0.12267657992565056,131.53846153846155,528.9166666666667,60.0,3.0,987.0,1474.357142857143,0.02127659574468085,-6.0,124.6,667.0,35.0,362.09090909090907,45.28751,-88.834,128,127
491.42857142857144,0.12267657992565056,131.53846153846155,528.9166666666667,60.0,3.0,987.0,1474.357142857143,0.02127659574468085,-6.0,124.6,667.0,35.0,362.09090909090907,45.68671,-88.8668,129,128
491.42857142857144,0.12267657992565056,131.53846153846155,528.9166666666667,60.0,3.0,987.0,1474.357142857143,0.02127659574468085,-6.0,124.6,667.0,35.0,362.09090909090907,45.21597,-88.6852,130,129
529.3333333333334,0.14857142857142858,116.16666666666667,591.0,58.0,3.0,1131.5882352941176,1528.4615384615386,0.0,10.2,138.375,663.75,43.0,308.6,45.66531,-92.2576,131,130
531.3666666666667,0.15145985401459855,119.22916666666666,588.0,60.0,4.448,1255.452380952381,1513.0714285714287,0.0,2.4,136.25,647.25,42.0,314.3333333333333,45.88006,-91.1113,132,131
485.5,0.14647377938517178,115.18181818181819,529.75,59.0,2.5892857142857144,1223.3333333333335,1478.909090909091,0.023529411764705882,-1.6666666666666667,124.25,618.5,38.5,314.45454545454544,46.29572,-91.0044,133,132
483.25,0.03697183098591549,116.9,516.0,62.0,4.492647058823529,1066.142857142857,1475.2,0.0,-1.5,122.57142857142857,642.0,35.0,320.53333333333336,45.84214,-90.6238,134,133
577.5,0.17647058823529413,162.125,655.4166666666667,62.416666666666664,4.4156626506024095,834.8333333333334,1573.75,0.0,20.5,150.8,743.0,46.0,330.6363636363636,43.43635,-90.3087,135,134
464.1904761904762,0.0627177700348432,83.45454545454545,491.0,68.5,4.416107382550336,1227.1304347826087,1429.3333333333333,0.0,-9.6,114.28571428571429,618.6,33.0,364.2631578947368,46.07104,-89.1326,136,135
533.3333333333334,0.18309859154929578,132.0,634.0,60.0,2.589403973509934,677.2,1558.2,0.0,24.0,138.42857142857142,743.25,41.0,381.2578947368421,44.82341,-88.9308,137,136
491.42857142857144,0.12267657992565056,131.53846153846155,528.9166666666667,60.0,3.0,987.0,1474.357142857143,0.02127659574468085,-6.0,124.6,667.0,35.0,362.09090909090907,45.61131,-88.7946,138,137
491.42857142857144,0.12267657992565056,131.53846153846155,528.9166666666667,60.0,3.0,987.0,1474.357142857143,0.02127659574468085,-6.0,124.6,667.0,35.0,362.09090909090907,45.93244,-88.4834,139,138
491.42857142857144,0.12267657992565056,131.53846153846155,528.9166666666667,60.0,3.0,987.0,1474.357142857143,0.02127659574468085,-6.0,124.6,667.0,35.0,362.09090909090907,45.64722,-88.0911,140,139
456.75,0.035842293906810034,106.8,500.6666666666667,63.0,4.468085106382978,1022.5,1465.3636363636363,0.0,-3.6666666666666665,120.6,649.0833333333333,34.0,322.6,45.1195,-89.9952,141,140
491.42857142857144,0.12267657992565056,131.53846153846155,528.9166666666667,60.0,3.0,987.0,1474.357142857143,0.02127659574468085,-6.0,124.6,667.0,35.0,362.09090909090907,45.75851,-88.3931,142,141
581.5,0.1830708661417323,139.69230769230768,663.5,60.6,4.0,869.1666666666666,1567.75,0.0,21.589285714285715,151.26666666666665,720.025,48.0,330.4,44.43672,-91.6714,143,142
483.25,0.03697183098591549,116.9,516.0,62.0,4.492647058823529,1066.142857142857,1475.2,0.0,-1.5,122.57142857142857,642.0,35.0,320.53333333333336,45.17263,-90.8823,144,143
466.77777777777777,0.08892921960072596,100.84615384615384,506.0,66.5,4.506756756756757,1153.0,1449.6666666666667,0.004878048780487805,-3.8333333333333335,114.25,619.6666666666666,34.5,348.625,46.43824,-90.3875,145,144
466.77777777777777,0.08892921960072596,100.84615384615384,506.0,66.5,4.506756756756757,1153.0,1449.6666666666667,0.004878048780487805,-3.8333333333333335,114.25,619.6666666666666,34.5,348.625,46.35357,-90.2362,146,145
456.75,0.035842293906810034,106.8,500.6666666666667,63.0,4.468085106382978,1022.5,1465.3636363636363,0.0,-3.6666666666666665,120.6,649.0833333333333,34.0,322.6,45.82814,-89.006,147,146
491.42857142857144,0.12267657992565056,131.53846153846155,528.9166666666667,60.0,3.0,987.0,1474.357142857143,0.02127659574468085,-6.0,124.6,667.0,35.0,362.09090909090907,45.77863,-88.1319,148,147
578.5,0.2085889570552147,111.95,651.8,62.470588235294116,4.422360248447205,904.5,1575.0,0.0,36.5,131.16666666666669,773.7142857142857,38.0,415.39583333333337,43.36063,-87.972,149,148
491.42857142857144,0.12267657992565056,131.53846153846155,528.9166666666667,60.0,3.0,987.0,1474.357142857143,0.02127659574468085,-6.0,124.6,667.0,35.0,362.09090909090907,45.75181,-88.8242,150,149
491.42857142857144,0.12267657992565056,131.53846153846155,528.9166666666667,60.0,3.0,987.0,1474.357142857143,0.02127659574468085,-6.0,124.6,667.0,35.0,362.09090909090907,45.58191,-88.5738,151,150
529.3333333333334,0.14857142857142858,116.16666666666667,591.0,58.0,3.0,1131.5882352941176,1528.4615384615386,0.0,10.2,138.375,663.75,43.0,308.6,45.11073,-92.1564,152,151
531.3666666666667,0.15145985401459855,119.22916666666666,588.0,60.0,4.448,1255.452380952381,1513.0714285714287,0.0,2.4,136.25,647.25,42.0,314.3333333333333,45.72606,-91.3495,153,152
485.5,0.14647377938517178,115.18181818181819,529.75,59.0,2.5892857142857144,1223.3333333333335,1478.909090909091,0.023529411764705882,-1.6666666666666667,124.25,618.5,38.5,314.45454545454544,46.23957,-91.3888,154,153
531.3666666666667,0.15145985401459855,119.22916666666666,588.0,60.0,4.448,1255.452380952381,1513.0714285714287,0.0,2.4,136.25,647.25,42.0,314.3333333333333,45.84816,-91.3891,155,154
483.25,0.03697183098591549,116.9,516.0,62.0,4.492647058823529,1066.142857142857,1475.2,0.0,-1.5,122.57142857142857,642.0,35.0,320.53333333333336,45.6968,-90.1358,156,155
483.25,0.03697183098591549,116.9,516.0,62.0,4.492647058823529,1066.142857142857,1475.2,0.0,-1.5,122.57142857142857,642.0,35.0,320.53333333333336,45.6968,-90.1358,157,156
456.75,0.035842293906810034,106.8,500.6666666666667,63.0,4.468085106382978,1022.5,1465.3636363636363,0.0,-3.6666666666666665,120.6,649.0833333333333,34.0,322.6,45.90921,-89.0151,158,157
611.1428571428571,0.11740041928721175,115.0909090909091,735.8333333333333,66.3529411764706,4.487179487179487,650.625,1641.0,0.0,36.166666666666664,158.5,792.375,49.0,390.45454545454544,42.58224,-90.0129,159,158
491.42857142857144,0.12267657992565056,131.53846153846155,528.9166666666667,60.0,3.0,987.0,1474.357142857143,0.02127659574468085,-6.0,124.6,667.0,35.0,362.09090909090907,45.39428,-88.7054,160,159
491.42857142857144,0.12267657992565056,131.53846153846155,528.9166666666667,60.0,3.0,987.0,1474.357142857143,0.02127659574468085,-6.0,124.6,667.0,35.0,362.09090909090907,45.76707,-88.4244,161,160
597.4,0.13457556935817805,106.81818181818181,733.5,68.47368421052632,4.446428571428571,620.1666666666667,1640.3333333333333,0.0,31.5,158.4,791.3636363636364,47.0,399.30303030303025,42.68979,-89.4921,162,161
391.5,0.14187643020594964,132.57142857142858,602.25,34.5,2.0,241.63636363636363,1507.125,0.0,-3.7142857142857144,123.41666666666666,618.7142857142857,40.0,434.25,47.28455,-96.3926,163,162
458.0,0.09846827133479212,123.42857142857143,627.0,44.0,2.0,522.8181818181819,1543.8,0.0,6.555555555555555,128.28571428571428,642.6666666666666,40.0,424.4375,46.86326,-95.8077,164,163
422.0,0.18201284796573874,142.7111111111111,566.1666666666666,37.5,2.0,534.0,1494.1666666666667,0.0,-9.428571428571429,120.66666666666667,607.702380952381,38.0,406.46666666666664,47.12743,-95.5216,165,164
400.3666666666667,0.05458089668615984,140.44444444444446,486.625,45.0,2.0,889.8421052631579,1483.1,0.0,-9.5,115.5,603.2,34.0,322.5833333333333,47.60259,-94.646,166,165
410.0,0.045112781954887216,103.56349206349206,481.25,47.5,3.0,881.4166666666666,1461.7142857142858,0.0,-11.285714285714286,117.33333333333334,588.2,36.0,298.57894736842104,47.04495,-93.8038,167,166
476.8,0.16346153846153846,91.0,552.0,51.0,3.0,1186.375,1514.8333333333333,0.0,-0.33333333333333337,127.70833333333334,627.6666666666666,40.0,300.3333333333333,46.57513,-93.7933,168,167
482.8333333333333,0.16544117647058823,109.33333333333333,532.75,57.0,2.5277777777777777,1103.45,1496.888888888889,0.0234192037470726,-0.6000000000000001,126.25,630.4166666666667,39.5,308.6,46.80583,-92.8185,169,168
482.8333333333333,0.16544117647058823,109.33333333333333,532.75,57.0,2.5277777777777777,1103.45,1496.888888888889,0.0234192037470726,-0.6000000000000001,126.25,630.4166666666667,39.5,308.6,46.60521,-92.3439,170,169
400.3666666666667,0.05458089668615984,140.44444444444446,486.625,45.0,2.0,889.8421052631579,1483.1,0.0,-9.5,115.5,603.2,34.0,322.5833333333333,47.83045,-94.8172,171,170
410.0,0.045112781954887216,103.56349206349206,481.25,47.5,3.0,881.4166666666666,1461.7142857142858,0.0,-11.285714285714286,117.33333333333334,588.2,36.0,298.57894736842104,47.00738,-93.4748,172,171
539.75,0.11255411255411256,122.66666666666667,703.0,53.5,3.0,504.85714285714283,1597.0,0.0,22.555555555555557,149.4857142857143,728.1428571428571,47.0,401.4318181818182,44.31654,-93.6543,173,172
422.0,0.18201284796573874,142.7111111111111,566.1666666666666,37.5,2.0,534.0,1494.1666666666667,0.0,-9.428571428571429,120.66666666666667,607.702380952381,38.0,406.46666666666664,47.13544,-95.7229,174,173
400.3666666666667,0.05458089668615984,140.44444444444446,486.625,45.0,2.0,889.8421052631579,1483.1,0.0,-9.5,115.5,603.2,34.0,322.5833333333333,47.67583,-94.7993,175,174
400.3666666666667,0.05458089668615984,140.44444444444446,486.625,45.0,2.0,889.8421052631579,1483.1,0.0,-9.5,115.5,603.2,34.0,322.5833333333333,47.54089,-94.5012,176,175
482.8333333333333,0.16544117647058823,109.33333333333333,532.75,57.0,2.5277777777777777,1103.45,1496.888888888889,0.0234192037470726,-0.6000000000000001,126.25,630.4166666666667,39.5,308.6,46.35491,-92.9355,177,176
391.5,0.14187643020594964,132.57142857142858,602.25,34.5,2.0,241.63636363636363,1507.125,0.0,-3.7142857142857144,123.41666666666666,618.7142857142857,40.0,434.25,47.29821,-96.4373,178,177
422.0,0.18201284796573874,142.7111111111111,566.1666666666666,37.5,2.0,534.0,1494.1666666666667,0.0,-9.428571428571429,120.66666666666667,607.702380952381,38.0,406.46666666666664,47.41052,-95.3654,179,178
400.3666666666667,0.05458089668615984,140.44444444444446,486.625,45.0,2.0,889.8421052631579,1483.1,0.0,-9.5,115.5,603.2,34.0,322.5833333333333,47.60084,-94.9295,180,179
400.3666666666667,0.05458089668615984,140.44444444444446,486.625,45.0,2.0,889.8421052631579,1483.1,0.0,-9.5,115.5,603.2,34.0,322.5833333333333,47.82959,-94.8904,181,180
435.0,20.5,138.26666666666668,675.0,41.0,2.0,322.5,1568.4107142857142,0.0,13.0,136.0,662.8888888888889,44.0,434.40909090909093,45.33101,-95.1082,182,181
484.3333333333333,0.13279678068410464,106.0,570.25,49.5,3.0,947.25,1529.0,0.0,3.625,132.6,630.9444444444445,41.0,324.53846153846155,46.94862,-94.265,183,182
476.8,0.16346153846153846,91.0,552.0,51.0,3.0,1186.375,1514.8333333333333,0.0,-0.33333333333333337,127.70833333333334,627.6666666666666,40.0,300.3333333333333,46.28016,-93.9628,184,183
539.75,0.11255411255411256,122.66666666666667,703.0,53.5,3.0,504.85714285714283,1597.0,0.0,22.555555555555557,149.4857142857143,728.1428571428571,47.0,401.4318181818182,44.09513,-93.9406,185,184
524.0,0.1532258064516129,91.42857142857143,605.75,54.0,3.0,875.6666666666666,1559.25,0.0,10.333333333333334,140.71428571428572,661.375,45.0,312.53846153846155,45.92611,-93.3621,186,185
476.8,0.16346153846153846,91.0,552.0,51.0,3.0,1186.375,1514.8333333333333,0.0,-0.33333333333333337,127.70833333333334,627.6666666666666,40.0,300.3333333333333,46.32458,-93.394,187,186
476.8,0.16346153846153846,91.0,552.0,51.0,3.0,1186.375,1514.8333333333333,0.0,-0.33333333333333337,127.70833333333334,627.6666666666666,40.0,300.3333333333333,46.25796,-93.2644,188,187
476.8,0.16346153846153846,91.0,552.0,51.0,3.0,1186.375,1514.8333333333333,0.0,-0.33333333333333337,127.70833333333334,627.6666666666666,40.0,300.3333333333333,46.41554,-93.213,189,188
563.5,0.13654618473895583,140.07692307692307,678.375,59.0,4.0,816.0,1592.0,0.0,20.8,150.66666666666666,727.5,47.0,350.6,44.45281,-92.7652,190,189
482.8333333333333,0.16544117647058823,109.33333333333333,532.75,57.0,2.5277777777777777,1103.45,1496.888888888889,0.0234192037470726,-0.6000000000000001,126.25,630.4166666666667,39.5,308.6,46.15261,-92.4174,191,190
367.32142857142856,0.032423208191126277,91.1,402.0,54.0,2.5384615384615383,706.0,1434.4117647058824,0.024630541871921183,-12.5,96.66666666666667,554.6666666666666,31.0,301.66013071895424,47.22053,-91.6643,192,191
464.1904761904762,0.0627177700348432,83.45454545454545,491.0,68.5,4.416107382550336,1227.1304347826087,1429.3333333333333,0.0,-9.6,114.28571428571429,618.6,33.0,364.2631578947368,46.66413,-89.501,193,192
464.1904761904762,0.0627177700348432,83.45454545454545,491.0,68.5,4.416107382550336,1227.1304347826087,1429.3333333333333,0.0,-9.6,114.28571428571429,618.6,33.0,364.2631578947368,46.41715,-89.3908,194,193
508.2,0.1311787072243346,131.3,555.5,62.0,4.477707006369426,989.5,1481.1818181818182,0.03917050691244239,6.0,124.375,687.5,34.0,403.5692307692308,45.66507,-87.7218,195,194
508.6,0.07392197125256673,107.57142857142857,588.5,61.0,3.0,877.5,1536.25,0.03253796095444685,10.428571428571429,136.42857142857142,714.5,39.0,334.6,44.9908,-84.996,196,195
508.6,0.07392197125256673,107.57142857142857,588.5,61.0,3.0,877.5,1536.25,0.03253796095444685,10.428571428571429,136.42857142857142,714.5,39.0,334.6,44.81463,-84.8042,197,196
531.3666666666667,0.15145985401459855,119.22916666666666,588.0,60.0,4.448,1255.452380952381,1513.0714285714287,0.0,2.4,136.25,647.25,42.0,314.3333333333333,45.83205,-91.6563,198,197
597.4,0.13457556935817805,106.81818181818181,733.5,68.47368421052632,4.446428571428571,620.1666666666667,1640.3333333333333,0.0,31.5,158.4,791.3636363636364,47.0,399.30303030303025,42.57457,-89.9607,199,198
456.75,0.035842293906810034,106.8,500.6666666666667,63.0,4.468085106382978,1022.5,1465.3636363636363,0.0,-3.6666666666666665,120.6,649.0833333333333,34.0,322.6,45.12651,-89.503,200,199
491.42857142857144,0.12267657992565056,131.53846153846155,528.9166666666667,60.0,3.0,987.0,1474.357142857143,0.02127659574468085,-6.0,124.6,667.0,35.0,362.09090909090907,45.19309,-88.9313,201,200
531.3666666666667,0.15145985401459855,119.22916666666666,588.0,60.0,4.448,1255.452380952381,1513.0714285714287,0.0,2.4,136.25,647.25,42.0,314.3333333333333,45.52109,-91.378,202,201
531.3666666666667,0.15145985401459855,119.22916666666666,588.0,60.0,4.448,1255.452380952381,1513.0714285714287,0.0,2.4,136.25,647.25,42.0,314.3333333333333,45.52109,-91.378,203,202
483.25,0.03697183098591549,116.9,516.0,62.0,4.492647058823529,1066.142857142857,1475.2,0.0,-1.5,122.57142857142857,642.0,35.0,320.53333333333336,45.91203,-90.4754,204,203
466.77777777777777,0.08892921960072596,100.84615384615384,506.0,66.5,4.506756756756757,1153.0,1449.6666666666667,0.004878048780487805,-3.8333333333333335,114.25,619.6666666666666,34.5,348.625,46.1991,-90.4335,205,204
578.5,0.2085889570552147,111.95,651.8,62.470588235294116,4.422360248447205,904.5,1575.0,0.0,36.5,131.16666666666669,773.7142857142857,38.0,415.39583333333337,43.4225,-87.9417,206,205
491.42857142857144,0.12267657992565056,131.53846153846155,528.9166666666667,60.0,3.0,987.0,1474.357142857143,0.02127659574468085,-6.0,124.6,667.0,35.0,362.09090909090907,45.40184,-88.5491,207,206
491.42857142857144,0.12267657992565056,131.53846153846155,528.9166666666667,60.0,3.0,987.0,1474.357142857143,0.02127659574468085,-6.0,124.6,667.0,35.0,362.09090909090907,45.8026,-88.4692,208,207
456.75,0.035842293906810034,106.8,500.6666666666667,63.0,4.468085106382978,1022.5,1465.3636363636363,0.0,-3.6666666666666665,120.6,649.0833333333333,34.0,322.6,45.05675,-89.3274,209,208
464.1904761904762,0.0627177700348432,83.45454545454545,491.0,68.5,4.416107382550336,1227.1304347826087,1429.3333333333333,0.0,-9.6,114.28571428571429,618.6,33.0,364.2631578947368,46.11157,-89.0896,210,209
456.75,0.035842293906810034,106.8,500.6666666666667,63.0,4.468085106382978,1022.5,1465.3636363636363,0.0,-3.6666666666666665,120.6,649.0833333333333,34.0,322.6,45.3105,-89.7691,211,210
464.1904761904762,0.0627177700348432,83.45454545454545,491.0,68.5,4.416107382550336,1227.1304347826087,1429.3333333333333,0.0,-9.6,114.28571428571429,618.6,33.0,364.2631578947368,46.21025,-89.7424,212,211
491.42857142857144,0.12267657992565056,131.53846153846155,528.9166666666667,60.0,3.0,987.0,1474.357142857143,0.02127659574468085,-6.0,124.6,667.0,35.0,362.09090909090907,45.83809,-88.3708,213,212
491.42857142857144,0.12267657992565056,131.53846153846155,528.9166666666667,60.0,3.0,987.0,1474.357142857143,0.02127659574468085,-6.0,124.6,667.0,35.0,362.09090909090907,45.67945,-88.0765,214,213
456.75,0.035842293906810034,106.8,500.6666666666667,63.0,4.468085106382978,1022.5,1465.3636363636363,0.0,-3.6666666666666665,120.6,649.0833333333333,34.0,322.6,45.56837,-89.0161,215,214
491.42857142857144,0.12267657992565056,131.53846153846155,528.9166666666667,60.0,3.0,987.0,1474.357142857143,0.02127659574468085,-6.0,124.6,667.0,35.0,362.09090909090907,45.32074,-88.9917,216,215
491.42857142857144,0.12267657992565056,131.53846153846155,528.9166666666667,60.0,3.0,987.0,1474.357142857143,0.02127659574468085,-6.0,124.6,667.0,35.0,362.09090909090907,45.80986,-88.7091,217,216
491.42857142857144,0.12267657992565056,131.53846153846155,528.9166666666667,60.0,3.0,987.0,1474.357142857143,0.02127659574468085,-6.0,124.6,667.0,35.0,362.09090909090907,45.91322,-88.508,218,217
483.25,0.03697183098591549,116.9,516.0,62.0,4.492647058823529,1066.142857142857,1475.2,0.0,-1.5,122.57142857142857,642.0,35.0,320.53333333333336,45.44144,-90.4447,219,218
531.3666666666667,0.15145985401459855,119.22916666666666,588.0,60.0,4.448,1255.452380952381,1513.0714285714287,0.0,2.4,136.25,647.25,42.0,314.3333333333333,45.52418,-91.0015,220,219
483.25,0.03697183098591549,116.9,516.0,62.0,4.492647058823529,1066.142857142857,1475.2,0.0,-1.5,122.57142857142857,642.0,35.0,320.53333333333336,45.64711,-90.7305,221,220
531.3666666666667,0.15145985401459855,119.22916666666666,588.0,60.0,4.448,1255.452380952381,1513.0714285714287,0.0,2.4,136.25,647.25,42.0,314.3333333333333,45.86116,-91.1484,222,221
577.5,0.17647058823529413,162.125,655.4166666666667,62.416666666666664,4.4156626506024095,834.8333333333334,1573.75,0.0,20.5,150.8,743.0,46.0,330.6363636363636,43.57851,-90.6653,223,222
485.5,0.14647377938517178,115.18181818181819,529.75,59.0,2.5892857142857144,1223.3333333333335,1478.909090909091,0.023529411764705882,-1.6666666666666667,124.25,618.5,38.5,314.45454545454544,46.14999,-91.4266,224,223
485.5,0.14647377938517178,115.18181818181819,529.75,59.0,2.5892857142857144,1223.3333333333335,1478.909090909091,0.023529411764705882,-1.6666666666666667,124.25,618.5,38.5,314.45454545454544,46.32191,-91.0553,225,224
522.8571428571429,0.10436432637571158,140.0,613.3333333333334,62.5,4.0,801.3333333333334,1543.4285714285713,0.0,16.714285714285715,142.57142857142858,720.2222222222222,42.0,324.6666666666667,44.87059,-89.4964,226,225
483.25,0.03697183098591549,116.9,516.0,62.0,4.492647058823529,1066.142857142857,1475.2,0.0,-1.5,122.57142857142857,642.0,35.0,320.53333333333336,45.96209,-90.6322,227,226
531.3666666666667,0.15145985401459855,119.22916666666666,588.0,60.0,4.448,1255.452380952381,1513.0714285714287,0.0,2.4,136.25,647.25,42.0,314.3333333333333,45.56453,-91.5132,228,227
533.3333333333334,0.18309859154929578,132.0,634.0,60.0,2.589403973509934,677.2,1558.2,0.0,24.0,138.42857142857142,743.25,41.0,381.2578947368421,44.92722,-88.9754,229,228
539.8333333333334,0.17448405253283303,140.71428571428572,604.0,62.333333333333336,4.0,869.2142857142857,1543.1666666666667,0.0,10.714285714285714,144.66666666666666,712.0,42.5,320.61538461538464,44.57108,-90.4181,230,229
464.1904761904762,0.0627177700348432,83.45454545454545,491.0,68.5,4.416107382550336,1227.1304347826087,1429.3333333333333,0.0,-9.6,114.28571428571429,618.6,33.0,364.2631578947368,46.67095,-89.8524,231,230
548.75,0.07014028056112225,98.83333333333333,608.6964285714286,66.52173913043478,4.396648044692737,954.25,1542.5,0.034482758620689655,16.571428571428573,134.83333333333334,717.4285714285714,40.0,366.75,44.56872,-85.2973,232,231
465.3333333333333,0.04744525547445255,106.88888888888889,496.08333333333337,62.5,3.55297648211661,1181.5714285714287,1430.5714285714287,0.00980392156862745,-13.333333333333334,112.71428571428571,629.0,32.0,416.42857142857144,46.05088,-88.0853,233,232
466.77777777777777,0.08892921960072596,100.84615384615384,506.0,66.5,4.506756756756757,1153.0,1449.6666666666667,0.004878048780487805,-3.8333333333333335,114.25,619.6666666666666,34.5,348.625,46.53274,-90.2271,234,233
466.77777777777777,0.08892921960072596,100.84615384615384,506.0,66.5,4.506756756756757,1153.0,1449.6666666666667,0.004878048780487805,-3.8333333333333335,114.25,619.6666666666666,34.5,348.625,46.53274,-90.2271,235,234
464.1904761904762,0.0627177700348432,83.45454545454545,491.0,68.5,4.416107382550336,1227.1304347826087,1429.3333333333333,0.0,-9.6,114.28571428571429,618.6,33.0,364.2631578947368,46.42344,-89.0462,236,235
464.1904761904762,0.0627177700348432,83.45454545454545,491.0,68.5,4.416107382550336,1227.1304347826087,1429.3333333333333,0.0,-9.6,114.28571428571429,618.6,33.0,364.2631578947368,46.42344,-89.0462,237,236
464.1904761904762,0.0627177700348432,83.45454545454545,491.0,68.5,4.416107382550336,1227.1304347826087,1429.3333333333333,0.0,-9.6,114.28571428571429,618.6,33.0,364.2631578947368,46.4785,-89.6866,238,237
464.1904761904762,0.0627177700348432,83.45454545454545,491.0,68.5,4.416107382550336,1227.1304347826087,1429.3333333333333,0.0,-9.6,114.28571428571429,618.6,33.0,364.2631578947368,46.4785,-89.6866,239,238
458.0,0.09846827133479212,123.42857142857143,627.0,44.0,2.0,522.8181818181819,1543.8,0.0,6.555555555555555,128.28571428571428,642.6666666666666,40.0,424.4375,46.89105,-95.4936,240,239
422.0,0.18201284796573874,142.7111111111111,566.1666666666666,37.5,2.0,534.0,1494.1666666666667,0.0,-9.428571428571429,120.66666666666667,607.702380952381,38.0,406.46666666666664,47.27733,-95.718,241,240
422.0,0.18201284796573874,142.7111111111111,566.1666666666666,37.5,2.0,534.0,1494.1666666666667,0.0,-9.428571428571429,120.66666666666667,607.702380952381,38.0,406.46666666666664,47.42702,-95.6856,242,241
458.0,0.09846827133479212,123.42857142857143,627.0,44.0,2.0,522.8181818181819,1543.8,0.0,6.555555555555555,128.28571428571428,642.6666666666666,40.0,424.4375,46.45856,-95.9786,243,242
458.0,0.09846827133479212,123.42857142857143,627.0,44.0,2.0,522.8181818181819,1543.8,0.0,6.555555555555555,128.28571428571428,642.6666666666666,40.0,424.4375,46.53681,-95.9552,244,243
400.3666666666667,0.05458089668615984,140.44444444444446,486.625,45.0,2.0,889.8421052631579,1483.1,0.0,-9.5,115.5,603.2,34.0,322.5833333333333,47.66005,-94.5452,245,244
484.3333333333333,0.13279678068410464,106.0,570.25,49.5,3.0,947.25,1529.0,0.0,3.625,132.6,630.9444444444445,41.0,324.53846153846155,46.85825,-94.0826,246,245
410.0,0.045112781954887216,103.56349206349206,481.25,47.5,3.0,881.4166666666666,1461.7142857142858,0.0,-11.285714285714286,117.33333333333334,588.2,36.0,298.57894736842104,47.22939,-93.4166,247,246
400.3666666666667,0.05458089668615984,140.44444444444446,486.625,45.0,2.0,889.8421052631579,1483.1,0.0,-9.5,115.5,603.2,34.0,322.5833333333333,47.01541,-94.0298,248,247
410.0,0.045112781954887216,103.56349206349206,481.25,47.5,3.0,881.4166666666666,1461.7142857142858,0.0,-11.285714285714286,117.33333333333334,588.2,36.0,298.57894736842104,47.10768,-93.6402,249,248
410.0,0.045112781954887216,103.56349206349206,481.25,47.5,3.0,881.4166666666666,1461.7142857142858,0.0,-11.285714285714286,117.33333333333334,588.2,36.0,298.57894736842104,47.1498,-93.9577,250,249
500.0,0.12025316455696203,107.0,632.5,51.0,3.0,618.1428571428571,1559.0,0.0,13.6875,140.2,662.3636363636364,45.0,346.46666666666664,45.93196,-94.8847,251,250
482.8333333333333,0.16544117647058823,109.33333333333333,532.75,57.0,2.5277777777777777,1103.45,1496.888888888889,0.0234192037470726,-0.6000000000000001,126.25,630.4166666666667,39.5,308.6,46.85961,-92.6584,252,251
563.5,0.13654618473895583,140.07692307692307,678.375,59.0,4.0,816.0,1592.0,0.0,20.8,150.66666666666666,727.5,47.0,350.6,44.22639,-92.3322,253,252
563.5,0.13654618473895583,140.07692307692307,678.375,59.0,4.0,816.0,1592.0,0.0,20.8,150.66666666666666,727.5,47.0,350.6,44.05797,-92.7099,254,253
590.325,0.205078125,148.3,683.75,60.18181818181818,4.546099290780142,821.2307692307693,1609.4,0.0,22.4,148.2,727.6,46.5,386.54545454545456,43.79821,-92.1783,255,254
596.0,0.16032064128256512,164.5,683.8571428571429,60.529411764705884,4.0,1003.5,1594.4,0.0,26.6,150.25,743.3636363636364,48.0,345.4494949494949,43.66401,-91.9099,256,255
367.32142857142856,0.032423208191126277,91.1,402.0,54.0,2.5384615384615383,706.0,1434.4117647058824,0.024630541871921183,-12.5,96.66666666666667,554.6666666666666,31.0,301.66013071895424,47.09706,-91.7504,257,256
552.2916666666667,0.1762114537444934,115.9090909090909,734.6666666666667,52.5,3.0,565.2857142857143,1643.0,0.0,26.666666666666668,150.75,751.7222222222222,47.0,462.54545454545456,43.82417,-94.0732,258,257
524.0,0.1532258064516129,91.42857142857143,605.75,54.0,3.0,875.6666666666666,1559.25,0.0,10.333333333333334,140.71428571428572,661.375,45.0,312.53846153846155,45.94455,-93.7508,259,258
476.8,0.16346153846153846,91.0,552.0,51.0,3.0,1186.375,1514.8333333333333,0.0,-0.33333333333333337,127.70833333333334,627.6666666666666,40.0,300.3333333333333,46.48755,-93.9073,260,259
410.0,0.045112781954887216,103.56349206349206,481.25,47.5,3.0,881.4166666666666,1461.7142857142858,0.0,-11.285714285714286,117.33333333333334,588.2,36.0,298.57894736842104,47.04535,-93.7427,261,260
400.3666666666667,0.05458089668615984,140.44444444444446,486.625,45.0,2.0,889.8421052631579,1483.1,0.0,-9.5,115.5,603.2,34.0,322.5833333333333,47.75973,-94.7526,262,261
476.8,0.16346153846153846,91.0,552.0,51.0,3.0,1186.375,1514.8333333333333,0.0,-0.33333333333333337,127.70833333333334,627.6666666666666,40.0,300.3333333333333,46.82855,-93.2458,263,262
410.0,0.045112781954887216,103.56349206349206,481.25,47.5,3.0,881.4166666666666,1461.7142857142858,0.0,-11.285714285714286,117.33333333333334,588.2,36.0,298.57894736842104,47.20732,-93.6724,264,263
410.0,0.045112781954887216,103.56349206349206,481.25,47.5,3.0,881.4166666666666,1461.7142857142858,0.0,-11.285714285714286,117.33333333333334,588.2,36.0,298.57894736842104,47.58301,-93.8988,265,264
400.3666666666667,0.05458089668615984,140.44444444444446,486.625,45.0,2.0,889.8421052631579,1483.1,0.0,-9.5,115.5,603.2,34.0,322.5833333333333,47.47465,-94.3049,266,265
400.3666666666667,0.05458089668615984,140.44444444444446,486.625,45.0,2.0,889.8421052631579,1483.1,0.0,-9.5,115.5,603.2,34.0,322.5833333333333,47.5422,-94.4585,267,266
458.0,0.09846827133479212,123.42857142857143,627.0,44.0,2.0,522.8181818181819,1543.8,0.0,6.555555555555555,128.28571428571428,642.6666666666666,40.0,424.4375,46.82124,-95.5702,268,267
476.8,0.16346153846153846,91.0,552.0,51.0,3.0,1186.375,1514.8333333333333,0.0,-0.33333333333333337,127.70833333333334,627.6666666666666,40.0,300.3333333333333,46.06293,-93.3497,269,268
458.0,0.09846827133479212,123.42857142857143,627.0,44.0,2.0,522.8181818181819,1543.8,0.0,6.555555555555555,128.28571428571428,642.6666666666666,40.0,424.4375,46.82159,-95.3918,270,269
464.1904761904762,0.0627177700348432,83.45454545454545,491.0,68.5,4.416107382550336,1227.1304347826087,1429.3333333333333,0.0,-9.6,114.28571428571429,618.6,33.0,364.2631578947368,46.44071,-89.236,271,270
464.1904761904762,0.0627177700348432,83.45454545454545,491.0,68.5,4.416107382550336,1227.1304347826087,1429.3333333333333,0.0,-9.6,114.28571428571429,618.6,33.0,364.2631578947368,46.59151,-89.5988,272,271
548.75,0.07014028056112225,98.83333333333333,608.6964285714286,66.52173913043478,4.396648044692737,954.25,1542.5,0.034482758620689655,16.571428571428573,134.83333333333334,717.4285714285714,40.0,366.75,44.30082,-85.7399,273,272
506.25,0.15030060120240482,90.0,547.6666666666666,60.0,4.388571428571429,986.2,1512.25,0.04017857142857143,14.375,120.5,687.3333333333333,37.0,360.64285714285717,45.02314,-84.9041,274,273
506.25,0.15030060120240482,90.0,547.6666666666666,60.0,4.388571428571429,986.2,1512.25,0.04017857142857143,14.375,120.5,687.3333333333333,37.0,360.64285714285717,45.32604,-84.5893,275,274
548.75,0.07014028056112225,98.83333333333333,608.6964285714286,66.52173913043478,4.396648044692737,954.25,1542.5,0.034482758620689655,16.571428571428573,134.83333333333334,717.4285714285714,40.0,366.75,44.53287,-85.8101,276,275
483.25,0.03697183098591549,116.9,516.0,62.0,4.492647058823529,1066.142857142857,1475.2,0.0,-1.5,122.57142857142857,642.0,35.0,320.53333333333336,45.46006,-90.2383,277,276
577.5,0.17647058823529413,162.125,655.4166666666667,62.416666666666664,4.4156626506024095,834.8333333333334,1573.75,0.0,20.5,150.8,743.0,46.0,330.6363636363636,43.28144,-90.7472,278,277
456.75,0.035842293906810034,106.8,500.6666666666667,63.0,4.468085106382978,1022.5,1465.3636363636363,0.0,-3.6666666666666665,120.6,649.0833333333333,34.0,322.6,45.43658,-89.553,279,278
485.5,0.14647377938517178,115.18181818181819,529.75,59.0,2.5892857142857144,1223.3333333333335,1478.909090909091,0.023529411764705882,-1.6666666666666667,124.25,618.5,38.5,314.45454545454544,46.21072,-91.0021,280,279
465.3333333333333,0.04744525547445255,106.88888888888889,496.08333333333337,62.5,3.55297648211661,1181.5714285714287,1430.5714285714287,0.00980392156862745,-13.333333333333334,112.71428571428571,629.0,32.0,416.42857142857144,46.00261,-88.7739,281,280
529.3333333333334,0.14857142857142858,116.16666666666667,591.0,58.0,3.0,1131.5882352941176,1528.4615384615386,0.0,10.2,138.375,663.75,43.0,308.6,45.75635,-92.5663,282,281
531.3666666666667,0.15145985401459855,119.22916666666666,588.0,60.0,4.448,1255.452380952381,1513.0714285714287,0.0,2.4,136.25,647.25,42.0,314.3333333333333,45.23135,-91.5454,283,282
491.42857142857144,0.12267657992565056,131.53846153846155,528.9166666666667,60.0,3.0,987.0,1474.357142857143,0.02127659574468085,-6.0,124.6,667.0,35.0,362.09090909090907,45.9508,-88.4737,284,283
491.42857142857144,0.12267657992565056,131.53846153846155,528.9166666666667,60.0,3.0,987.0,1474.357142857143,0.02127659574468085,-6.0,124.6,667.0,35.0,362.09090909090907,45.41773,-88.726,285,284
491.42857142857144,0.12267657992565056,131.53846153846155,528.9166666666667,60.0,3.0,987.0,1474.357142857143,0.02127659574468085,-6.0,124.6,667.0,35.0,362.09090909090907,45.55467,-88.4448,286,285
491.42857142857144,0.12267657992565056,131.53846153846155,528.9166666666667,60.0,3.0,987.0,1474.357142857143,0.02127659574468085,-6.0,124.6,667.0,35.0,362.09090909090907,45.62401,-88.4685,287,286
508.2,0.1311787072243346,131.3,555.5,62.0,4.477707006369426,989.5,1481.1818181818182,0.03917050691244239,6.0,124.375,687.5,34.0,403.5692307692308,45.4854,-87.9359,288,287
483.25,0.03697183098591549,116.9,516.0,62.0,4.492647058823529,1066.142857142857,1475.2,0.0,-1.5,122.57142857142857,642.0,35.0,320.53333333333336,45.10604,-90.0226,289,288
464.1904761904762,0.0627177700348432,83.45454545454545,491.0,68.5,4.416107382550336,1227.1304347826087,1429.3333333333333,0.0,-9.6,114.28571428571429,618.6,33.0,364.2631578947368,46.20374,-89.7683,290,289
597.4,0.13457556935817805,106.81818181818181,733.5,68.47368421052632,4.446428571428571,620.1666666666667,1640.3333333333333,0.0,31.5,158.4,791.3636363636364,47.0,399.30303030303025,42.64675,-89.6902,291,290
508.2,0.1311787072243346,131.3,555.5,62.0,4.477707006369426,989.5,1481.1818181818182,0.03917050691244239,6.0,124.375,687.5,34.0,403.5692307692308,45.20703,-87.8208,292,291
456.75,0.035842293906810034,106.8,500.6666666666667,63.0,4.468085106382978,1022.5,1465.3636363636363,0.0,-3.6666666666666665,120.6,649.0833333333333,34.0,322.6,45.21613,-89.1663,293,292
491.42857142857144,0.12267657992565056,131.53846153846155,528.9166666666667,60.0,3.0,987.0,1474.357142857143,0.02127659574468085,-6.0,124.6,667.0,35.0,362.09090909090907,45.49088,-88.747,294,293
491.42857142857144,0.12267657992565056,131.53846153846155,528.9166666666667,60.0,3.0,987.0,1474.357142857143,0.02127659574468085,-6.0,124.6,667.0,35.0,362.09090909090907,45.62514,-88.859,295,294
491.42857142857144,0.12267657992565056,131.53846153846155,528.9166666666667,60.0,3.0,987.0,1474.357142857143,0.02127659574468085,-6.0,124.6,667.0,35.0,362.09090909090907,45.2443,-88.8237,296,295
597.4,0.13457556935817805,106.81818181818181,733.5,68.47368421052632,4.446428571428571,620.1666666666667,1640.3333333333333,0.0,31.5,158.4,791.3636363636364,47.0,399.30303030303025,42.87366,-89.754,297,296
533.3333333333334,0.18309859154929578,132.0,634.0,60.0,2.589403973509934,677.2,1558.2,0.0,24.0,138.42857142857142,743.25,41.0,381.2578947368421,44.32838,-88.5165,298,297
491.42857142857144,0.12267657992565056,131.53846153846155,528.9166666666667,60.0,3.0,987.0,1474.357142857143,0.02127659574468085,-6.0,124.6,667.0,35.0,362.09090909090907,45.47113,-88.5913,299,298
483.25,0.03697183098591549,116.9,516.0,62.0,4.492647058823529,1066.142857142857,1475.2,0.0,-1.5,122.57142857142857,642.0,35.0,320.53333333333336,45.38437,-90.5096,300,299
483.25,0.03697183098591549,116.9,516.0,62.0,4.492647058823529,1066.142857142857,1475.2,0.0,-1.5,122.57142857142857,642.0,35.0,320.53333333333336,45.38437,-90.5096,301,300
483.25,0.03697183098591549,116.9,516.0,62.0,4.492647058823529,1066.142857142857,1475.2,0.0,-1.5,122.57142857142857,642.0,35.0,320.53333333333336,45.38437,-90.5096,302,301
466.77777777777777,0.08892921960072596,100.84615384615384,506.0,66.5,4.506756756756757,1153.0,1449.6666666666667,0.004878048780487805,-3.8333333333333335,114.25,619.6666666666666,34.5,348.625,46.23947,-90.9137,303,302
464.1904761904762,0.0627177700348432,83.45454545454545,491.0,68.5,4.416107382550336,1227.1304347826087,1429.3333333333333,0.0,-9.6,114.28571428571429,618.6,33.0,364.2631578947368,46.07873,-89.46,304,303
456.75,0.035842293906810034,106.8,500.6666666666667,63.0,4.468085106382978,1022.5,1465.3636363636363,0.0,-3.6666666666666665,120.6,649.0833333333333,34.0,322.6,45.37178,-89.9777,305,304
485.5,0.14647377938517178,115.18181818181819,529.75,59.0,2.5892857142857144,1223.3333333333335,1478.909090909091,0.023529411764705882,-1.6666666666666667,124.25,618.5,38.5,314.45454545454544,46.11771,-91.463,306,305
456.75,0.035842293906810034,106.8,500.6666666666667,63.0,4.468085106382978,1022.5,1465.3636363636363,0.0,-3.6666666666666665,120.6,649.0833333333333,34.0,322.6,45.38619,-89.1366,307,306
491.42857142857144,0.12267657992565056,131.53846153846155,528.9166666666667,60.0,3.0,987.0,1474.357142857143,0.02127659574468085,-6.0,124.6,667.0,35.0,362.09090909090907,45.54467,-88.881,308,307
476.8,0.16346153846153846,91.0,552.0,51.0,3.0,1186.375,1514.8333333333333,0.0,-0.33333333333333337,127.70833333333334,627.6666666666666,40.0,300.3333333333333,46.89788,-93.2096,309,308
422.0,0.18201284796573874,142.7111111111111,566.1666666666666,37.5,2.0,534.0,1494.1666666666667,0.0,-9.428571428571429,120.66666666666667,607.702380952381,38.0,406.46666666666664,47.22552,-95.7519,310,309
435.0,20.5,138.26666666666668,675.0,41.0,2.0,322.5,1568.4107142857142,0.0,13.0,136.0,662.8888888888889,44.0,434.40909090909093,45.81642,-95.6777,311,310
458.0,0.09846827133479212,123.42857142857143,627.0,44.0,2.0,522.8181818181819,1543.8,0.0,6.555555555555555,128.28571428571428,642.6666666666666,40.0,424.4375,46.56061,-95.9447,312,311
410.0,0.045112781954887216,103.56349206349206,481.25,47.5,3.0,881.4166666666666,1461.7142857142858,0.0,-11.285714285714286,117.33333333333334,588.2,36.0,298.57894736842104,47.18072,-93.1155,313,312
524.0,0.1532258064516129,91.42857142857143,605.75,54.0,3.0,875.6666666666666,1559.25,0.0,10.333333333333334,140.71428571428572,661.375,45.0,312.53846153846155,45.19758,-93.7823,314,313
476.8,0.16346153846153846,91.0,552.0,51.0,3.0,1186.375,1514.8333333333333,0.0,-0.33333333333333337,127.70833333333334,627.6666666666666,40.0,300.3333333333333,46.77594,-93.6323,315,314
458.0,0.09846827133479212,123.42857142857143,627.0,44.0,2.0,522.8181818181819,1543.8,0.0,6.555555555555555,128.28571428571428,642.6666666666666,40.0,424.4375,46.09764,-95.0487,316,315
500.0,0.12025316455696203,107.0,632.5,51.0,3.0,618.1428571428571,1559.0,0.0,13.6875,140.2,662.3636363636364,45.0,346.46666666666664,45.69237,-94.4532,317,316
529.3333333333334,0.14857142857142858,116.16666666666667,591.0,58.0,3.0,1131.5882352941176,1528.4615384615386,0.0,10.2,138.375,663.75,43.0,308.6,45.74759,-92.8694,318,317
410.0,0.045112781954887216,103.56349206349206,481.25,47.5,3.0,881.4166666666666,1461.7142857142858,0.0,-11.285714285714286,117.33333333333334,588.2,36.0,298.57894736842104,47.11212,-93.5633,319,318
596.0,0.16032064128256512,164.5,683.8571428571429,60.529411764705884,4.0,1003.5,1594.4,0.0,26.6,150.25,743.3636363636364,48.0,345.4494949494949,43.81088,-91.7629,320,319
482.8333333333333,0.16544117647058823,109.33333333333333,532.75,57.0,2.5277777777777777,1103.45,1496.888888888889,0.0234192037470726,-0.6000000000000001,126.25,630.4166666666667,39.5,308.6,46.09094,-92.8202,321,320
524.0,0.1532258064516129,91.42857142857143,605.75,54.0,3.0,875.6666666666666,1559.25,0.0,10.333333333333334,140.71428571428572,661.375,45.0,312.53846153846155,45.00132,-93.5609,322,321
539.75,0.11255411255411256,122.66666666666667,703.0,53.5,3.0,504.85714285714283,1597.0,0.0,22.555555555555557,149.4857142857143,728.1428571428571,47.0,401.4318181818182,44.34599,-93.1027,323,322
476.8,0.16346153846153846,91.0,552.0,51.0,3.0,1186.375,1514.8333333333333,0.0,-0.33333333333333337,127.70833333333334,627.6666666666666,40.0,300.3333333333333,46.39725,-93.6462,324,323
476.8,0.16346153846153846,91.0,552.0,51.0,3.0,1186.375,1514.8333333333333,0.0,-0.33333333333333337,127.70833333333334,627.6666666666666,40.0,300.3333333333333,46.09867,-93.5535,325,324
410.0,0.045112781954887216,103.56349206349206,481.25,47.5,3.0,881.4166666666666,1461.7142857142858,0.0,-11.285714285714286,117.33333333333334,588.2,36.0,298.57894736842104,47.50677,-93.6188,326,325
400.3666666666667,0.05458089668615984,140.44444444444446,486.625,45.0,2.0,889.8421052631579,1483.1,0.0,-9.5,115.5,603.2,34.0,322.5833333333333,47.22934,-94.9253,327,326
476.8,0.16346153846153846,91.0,552.0,51.0,3.0,1186.375,1514.8333333333333,0.0,-0.33333333333333337,127.70833333333334,627.6666666666666,40.0,300.3333333333333,46.31001,-93.8352,328,327
458.0,0.09846827133479212,123.42857142857143,627.0,44.0,2.0,522.8181818181819,1543.8,0.0,6.555555555555555,128.28571428571428,642.6666666666666,40.0,424.4375,46.35717,-95.9009,329,328
